date,name,printed_name,mana_cost,type_line,colors,edition_code,edition_pt,url,prices,prices_mean
2025-05-01,Absolute Grace,Graça Absoluta,{1}{W},Enchantment,['W'],USG,A Saga de Urza,https://www.ligamagic.com.br/?view=cards/card&card=absolute+grace,[2.5  2.5  2.5  3.   3.   3.9  3.99 3.99],3.1725000000000003
2025-05-01,Absolute Law,Lei Absoluta,{1}{W},Enchantment,['W'],USG,A Saga de Urza,https://www.ligamagic.com.br/?view=cards/card&card=absolute+law,[1.94 2.   2.24 2.99 3.5  3.66 3.9  3.98],3.02625
2025-05-01,Abundance,Abundância,{2}{G}{G},Enchantment,['G'],USG,A Saga de Urza,https://www.ligamagic.com.br/?view=cards/card&card=abundance,[ 6.05  6.65  7.5   7.5   9.5   9.9  10.49 14.  ],8.94875
2025-05-01,Abyssal Horror,Horror Abissal,{4}{B}{B},Creature — Horror,['B'],USG,A Saga de Urza,https://www.ligamagic.com.br/?view=cards/card&card=abyssal+horror,[0.46 0.49 0.5  0.5  0.52 0.63 0.68 0.7 ],0.5599999999999999
2025-05-01,Academy Researchers,Pesquisadores da Academia,{1}{U}{U},Creature — Human Wizard,['U'],USG,A Saga de Urza,https://www.ligamagic.com.br/?view=cards/card&card=academy+researchers,[0.27 0.3  0.3  0.3  0.52 0.36 0.42 0.43],0.3625
2025-05-01,Acidic Soil,Solo Ácido,{2}{R},Sorcery,['R'],USG,A Saga de Urza,https://www.ligamagic.com.br/?view=cards/card&card=acidic+soil,[5.68 6.51 6.81 7.43 7.43 7.57 7.74 7.75],7.115
2025-05-01,Acridian,Acrídio,{1}{G},Creature — Insect,['G'],USG,A Saga de Urza,https://www.ligamagic.com.br/?view=cards/card&card=acridian,[0.07 0.09 0.09 0.09 0.1  0.1  0.1  0.1 ],0.0925
2025-05-01,Albino Troll,Trol Albino,{1}{G},Creature — Troll,['G'],USG,A Saga de Urza,https://www.ligamagic.com.br/?view=cards/card&card=albino+troll,[0.23 0.25 0.25 0.45 0.5  0.6  0.67 0.68],0.45375
2025-05-01,Anaconda,Anaconda,{3}{G},Creature — Snake,['G'],USG,A Saga de Urza,https://www.ligamagic.com.br/?view=cards/card&card=anaconda,[0.04 0.09 0.09 0.09 0.1  0.14 0.14 0.14],0.10375
2025-05-01,Angelic Chorus,Coro Angelical,{3}{W}{W},Enchantment,['W'],USG,A Saga de Urza,https://www.ligamagic.com.br/?view=cards/card&card=angelic+chorus,[ 9.3   9.93 10.5  11.5  12.09 12.74 14.9  15.  ],11.995
2025-05-01,Angelic Page,Pajem Angelical,{1}{W},Creature — Angel Spirit,['W'],USG,A Saga de Urza,https://www.ligamagic.com.br/?view=cards/card&card=angelic+page,[0.09 0.09 0.1  0.11 0.12 0.13 0.15 0.16],0.11875
2025-05-01,Annul,Anular,{U},Instant,['U'],USG,A Saga de Urza,https://www.ligamagic.com.br/?view=cards/card&card=annul,[14.36 14.5  14.9  14.9  14.99 16.   16.   16.39],15.255
2025-05-01,Antagonism,Antagonismo,{3}{R},Enchantment,['R'],USG,A Saga de Urza,https://www.ligamagic.com.br/?view=cards/card&card=antagonism,[  0.35   0.44   0.5    0.75   0.75   0.85   0.99 125.  ],16.20375
2025-05-01,Arcane Laboratory,Laboratório Arcano,{2}{U},Enchantment,['U'],USG,A Saga de Urza,https://www.ligamagic.com.br/?view=cards/card&card=arcane+laboratory,[10.   10.45 10.7  11.   11.13 11.2  11.2  11.99],10.958749999999998
2025-05-01,Arc Lightning,Raio Voltaico,{2}{R},Sorcery,['R'],USG,A Saga de Urza,https://www.ligamagic.com.br/?view=cards/card&card=arc+lightning,[0.08 0.08 0.09 0.09 0.09 0.1  0.1  0.11],0.0925
2025-05-01,Argothian Elder,Ancião Argothiano,{3}{G},Creature — Elf Druid,['G'],USG,A Saga de Urza,https://www.ligamagic.com.br/?view=cards/card&card=argothian+elder,[4.95 4.95 4.99 5.36 5.59 5.75 6.53 7.85],5.74625
2025-05-01,Argothian Enchantress,Encantadora Argothiana,{1}{G},Creature — Human Druid,['G'],USG,A Saga de Urza,https://www.ligamagic.com.br/?view=cards/card&card=argothian+enchantress,[139.95 158.99 158.99 159.95 161.99 169.74 169.75 170.98],161.29250000000002
2025-05-01,Argothian Swine,Suínos Argothianos,{3}{G},Creature — Boar,['G'],USG,A Saga de Urza,https://www.ligamagic.com.br/?view=cards/card&card=argothian+swine,[0.03 0.05 0.07 0.09 0.09 0.09 0.09 0.09],0.075
2025-05-01,Argothian Wurm,Vorme Argothiano,{3}{G},Creature — Wurm,['G'],USG,A Saga de Urza,https://www.ligamagic.com.br/?view=cards/card&card=argothian+wurm,[ 8.5   8.94  8.99  9.6   9.9   9.95 10.34 10.84],9.6325
2025-05-01,Attunement,Harmonização,{2}{U},Enchantment,['U'],USG,A Saga de Urza,https://www.ligamagic.com.br/?view=cards/card&card=attunement,[19.   22.   24.72 24.9  25.1  25.16 26.12 26.94],24.2425
2025-05-01,Back to Basics,Retorno ao Básico,{2}{U},Enchantment,['U'],USG,A Saga de Urza,https://www.ligamagic.com.br/?view=cards/card&card=back+to+basics,[84.99 89.29 89.99 92.95 93.75 94.95 95.   96.67],92.19875
2025-05-01,"Barrin, Master Wizard","Barrin, Mago Mestre",{1}{U}{U},Legendary Creature — Human Wizard,['U'],USG,A Saga de Urza,"https://www.ligamagic.com.br/?view=cards/card&card=barrin,+master+wizard",[35.1  37.   45.89 46.5  49.95 52.   52.25 52.25],46.3675
2025-05-01,Barrin's Codex,Codex de Barrin,{4},Artifact,[],USG,A Saga de Urza,https://www.ligamagic.com.br/?view=cards/card&card=barrin's+codex,[0.1  0.3  0.35 0.5  0.5  0.5  0.53 0.53],0.41375
2025-05-01,Bedlam,Tumultuar,{2}{R}{R},Enchantment,['R'],USG,A Saga de Urza,https://www.ligamagic.com.br/?view=cards/card&card=bedlam,[13.   13.   13.22 14.5  15.   16.   16.   17.99],14.83875
2025-05-01,Befoul,Conspurcar,{2}{B}{B},Sorcery,['B'],USG,A Saga de Urza,https://www.ligamagic.com.br/?view=cards/card&card=befoul,[0.09 0.1  0.11 0.13 0.2  0.23 0.24 0.25],0.16875
2025-05-01,Bereavement,Privação,{1}{B},Enchantment,['B'],USG,A Saga de Urza,https://www.ligamagic.com.br/?view=cards/card&card=bereavement,[0.18 0.19 0.24 0.25 0.26 0.35 0.35 0.35],0.27125
2025-05-01,Blanchwood Armor,Armadura de Blanchwood,{2}{G},Enchantment — Aura,['G'],USG,A Saga de Urza,https://www.ligamagic.com.br/?view=cards/card&card=blanchwood+armor,[0.25 0.3  0.48 0.49 0.55 0.7  0.7  0.75],0.5275000000000001
2025-05-01,Blanchwood Treefolk,Ents de Blanchwood,{4}{G},Creature — Treefolk,['G'],USG,A Saga de Urza,https://www.ligamagic.com.br/?view=cards/card&card=blanchwood+treefolk,[0.05 0.08 0.09 0.09 0.09 0.09 0.09 0.1 ],0.0849999999999999
2025-05-01,Blasted Landscape,Paisagem Devastada,,Land,[],USG,A Saga de Urza,https://www.ligamagic.com.br/?view=cards/card&card=blasted+landscape,[5.25 5.69 5.7  5.8  6.   7.   3.39 8.99],5.977500000000001
2025-05-01,Blood Vassal,Vassalo de Sangue,{2}{B},Creature — Thrull,['B'],USG,A Saga de Urza,https://www.ligamagic.com.br/?view=cards/card&card=blood+vassal,[0.05 0.14 0.14 0.14 0.14 0.15 0.18 0.18],0.14
2025-05-01,Bog Raiders,Salteadores do Pântano,{2}{B},Creature — Zombie,['B'],USG,A Saga de Urza,https://www.ligamagic.com.br/?view=cards/card&card=bog+raiders,[0.08 0.09 0.09 0.09 0.09 0.09 0.11 0.11],0.09375
2025-05-01,Brand,Marca,{R},Instant,['R'],USG,A Saga de Urza,https://www.ligamagic.com.br/?view=cards/card&card=brand,[7.   7.19 7.6  7.6  7.7  7.91 7.99 7.99],7.6225
2025-05-01,Bravado,Bravata,{1}{R},Enchantment — Aura,['R'],USG,A Saga de Urza,https://www.ligamagic.com.br/?view=cards/card&card=bravado,[0.3  0.4  0.4  0.4  0.44 0.44 0.5  0.5 ],0.4225
2025-05-01,Breach,Brecha,{2}{B},Instant,['B'],USG,A Saga de Urza,https://www.ligamagic.com.br/?view=cards/card&card=breach,[0.05 0.09 0.09 0.09 0.1  0.1  0.1  0.11],0.09125
2025-05-01,Brilliant Halo,Halo Brilhante,{1}{W},Enchantment — Aura,['W'],USG,A Saga de Urza,https://www.ligamagic.com.br/?view=cards/card&card=brilliant+halo,[0.09 0.09 0.11 0.11 0.14 0.14 0.15 0.15],0.1225
2025-05-01,Bull Hippo,Hipopótamo Macho,{3}{G},Creature — Hippo,['G'],USG,A Saga de Urza,https://www.ligamagic.com.br/?view=cards/card&card=bull+hippo,[0.09 0.16 0.16 0.18 0.18 0.18 0.19 0.2 ],0.1674999999999999
2025-05-01,Bulwark,Baluarte,{3}{R}{R},Enchantment,['R'],USG,A Saga de Urza,https://www.ligamagic.com.br/?view=cards/card&card=bulwark,[  0.48   0.81   0.85   0.9    0.99   1.02 139.     1.39],18.18
2025-05-01,Cackling Fiend,Demônio Gargalhante,{2}{B}{B},Creature — Zombie,['B'],USG,A Saga de Urza,https://www.ligamagic.com.br/?view=cards/card&card=cackling+fiend,[0.09 0.09 0.09 0.09 0.11 0.13 0.13 0.14],0.10875
2025-05-01,Carpet of Flowers,Tapete de Flores,{G},Enchantment,['G'],USG,A Saga de Urza,https://www.ligamagic.com.br/?view=cards/card&card=carpet+of+flowers,[32.5  34.94 40.   41.93 41.93 45.99 47.   49.  ],41.66125
2025-05-01,Carrion Beetles,Besouros Carrieiros,{B},Creature — Insect,['B'],USG,A Saga de Urza,https://www.ligamagic.com.br/?view=cards/card&card=carrion+beetles,[0.09 0.09 0.09 0.1  0.13 0.15 0.15 0.18],0.1225
2025-05-01,Catalog,Catalogar,{2}{U},Instant,['U'],USG,A Saga de Urza,https://www.ligamagic.com.br/?view=cards/card&card=catalog,[0.08 0.08 0.09 0.09 0.09 0.1  0.11 0.11],0.09375
2025-05-01,Catastrophe,Catáastrofe,{4}{W}{W},Sorcery,['W'],USG,A Saga de Urza,https://www.ligamagic.com.br/?view=cards/card&card=catastrophe,[13.   14.96 16.72 17.5  13.   13.   19.   19.95],15.89125
2025-05-01,Cathodion,Catódio,{3},Artifact Creature — Construct,[],USG,A Saga de Urza,https://www.ligamagic.com.br/?view=cards/card&card=cathodion,[0.14 0.18 0.25 0.35 0.49 0.5  0.5  0.5 ],0.36375
2025-05-01,Cave Tiger,Tigre da Caverna,{2}{G},Creature — Cat,['G'],USG,A Saga de Urza,https://www.ligamagic.com.br/?view=cards/card&card=cave+tiger,[0.05 0.08 0.08 0.09 0.09 0.09 0.09 0.11],0.0849999999999999
2025-05-01,Child of Gaea,Filho de Géia,{3}{G}{G}{G},Creature — Elemental,['G'],USG,A Saga de Urza,https://www.ligamagic.com.br/?view=cards/card&card=child+of+gaea,[  1.     1.     1.25 149.   149.     1.94   1.99   2.03],38.401250000000005
2025-05-01,Chimeric Staff,Bastão Quimérico,{4},Artifact,[],USG,A Saga de Urza,https://www.ligamagic.com.br/?view=cards/card&card=chimeric+staff,[0.23 0.25 0.65 0.7  0.3  0.9  0.99 0.99],0.62625
2025-05-01,Citanul Centaurs,Centauros de Citanul,{3}{G},Creature — Centaur,['G'],USG,A Saga de Urza,https://www.ligamagic.com.br/?view=cards/card&card=citanul+centaurs,[3.   3.   3.03 3.49 3.53 3.75 3.75 3.96],3.43875
2025-05-01,Citanul Flute,Flauta de Citanul,{5},Artifact,[],USG,A Saga de Urza,https://www.ligamagic.com.br/?view=cards/card&card=citanul+flute,[ 9.54  9.78 11.7  11.89 11.95 13.59 13.72 14.5 ],12.083749999999998
2025-05-01,Citanul Hierophants,Hierofantes de Citanul,{3}{G},Creature — Human Druid,['G'],USG,A Saga de Urza,https://www.ligamagic.com.br/?view=cards/card&card=citanul+hierophants,[5.94 7.75 8.   8.   8.   3.75 8.77 9.58],7.473750000000001
2025-05-01,Claws of Gix,Garras de Gix,{0},Artifact,[],USG,A Saga de Urza,https://www.ligamagic.com.br/?view=cards/card&card=claws+of+gix,[1.35 1.6  1.6  1.79 2.55 2.9  2.97 3.  ],2.22
2025-05-01,Clear,Clarear,{1}{W},Instant,['W'],USG,A Saga de Urza,https://www.ligamagic.com.br/?view=cards/card&card=clear,[0.3  0.5  0.5  0.96 1.   1.44 2.   2.1 ],1.1
2025-05-01,Cloak of Mists,Manto de Névoas,{1}{U},Enchantment — Aura,['U'],USG,A Saga de Urza,https://www.ligamagic.com.br/?view=cards/card&card=cloak+of+mists,[0.08 0.09 0.2  0.2  0.2  0.2  0.23 0.25],0.18125
2025-05-01,Confiscate,Confiscar,{4}{U}{U},Enchantment — Aura,['U'],USG,A Saga de Urza,https://www.ligamagic.com.br/?view=cards/card&card=confiscate,[0.14 0.14 0.18 0.24 0.24 0.25 0.27 0.29],0.21875
2025-05-01,Congregate,Congregar,{3}{W},Instant,['W'],USG,A Saga de Urza,https://www.ligamagic.com.br/?view=cards/card&card=congregate,[0.09 0.09 0.09 0.09 0.1  0.1  0.1  0.11],0.09625
2025-05-01,Contamination,Contaminação,{2}{B},Enchantment,['B'],USG,A Saga de Urza,https://www.ligamagic.com.br/?view=cards/card&card=contamination,[74.   79.   79.99 84.9  84.99 83.   89.81 92.1 ],83.47375
2025-05-01,Copper Gnomes,Gnomos de Cobre,{2},Artifact Creature — Gnome,[],USG,A Saga de Urza,https://www.ligamagic.com.br/?view=cards/card&card=copper+gnomes,[3.92 4.   4.   4.   4.05 4.25 4.28 4.56],4.1325
2025-05-01,Coral Merfolk,Tritões dos Corais,{1}{U},Creature — Merfolk,['U'],USG,A Saga de Urza,https://www.ligamagic.com.br/?view=cards/card&card=coral+merfolk,[0.06 0.08 0.09 0.09 0.09 0.1  0.1  0.1 ],0.08875
2025-05-01,Corrupt,Corromper,{5}{B},Sorcery,['B'],USG,A Saga de Urza,https://www.ligamagic.com.br/?view=cards/card&card=corrupt,[0.2  0.25 0.25 0.35 0.35 0.4  0.4  0.44],0.33
2025-05-01,Cradle Guard,Guarda do Berço,{1}{G}{G},Creature — Treefolk,['G'],USG,A Saga de Urza,https://www.ligamagic.com.br/?view=cards/card&card=cradle+guard,[0.11 0.15 0.15 0.18 0.18 0.19 0.23 0.23],0.1775
2025-05-01,Crater Hellion,Demo da Cratera,{4}{R}{R},Creature — Hellion Beast,['R'],USG,A Saga de Urza,https://www.ligamagic.com.br/?view=cards/card&card=crater+hellion,[  0.24   0.25   0.39   0.94 125.     1.75   1.75   1.93],16.53125
2025-05-01,Crazed Skirge,Eskirge Enlouquecido,{3}{B},Creature — Phyrexian Imp,['B'],USG,A Saga de Urza,https://www.ligamagic.com.br/?view=cards/card&card=crazed+skirge,[0.11 0.2  0.24 0.24 0.24 0.26 0.26 0.3 ],0.23125
2025-05-01,Crosswinds,Ventos Cruzados,{1}{G},Enchantment,['G'],USG,A Saga de Urza,https://www.ligamagic.com.br/?view=cards/card&card=crosswinds,[0.18 0.23 0.23 0.23 0.23 0.24 0.25 0.25],0.23
2025-05-01,Crystal Chimes,Sineta de Cristal,{3},Artifact,[],USG,A Saga de Urza,https://www.ligamagic.com.br/?view=cards/card&card=crystal+chimes,[2.18 3.13 3.6  3.75 3.83 3.9  3.97 4.  ],3.545
2025-05-01,Curfew,Toque de Recolher,{U},Instant,['U'],USG,A Saga de Urza,https://www.ligamagic.com.br/?view=cards/card&card=curfew,[4.5  4.5  4.75 5.67 5.7  5.7  5.9  5.91],5.32875
2025-05-01,Darkest Hour,Hora da Escuridão,{B},Enchantment,['B'],USG,A Saga de Urza,https://www.ligamagic.com.br/?view=cards/card&card=darkest+hour,[10.8  11.9  12.   12.83 13.27 13.49 13.69 13.75],12.71625
2025-05-01,Dark Hatchling,Cria das Trevas,{4}{B}{B},Creature — Horror,['B'],USG,A Saga de Urza,https://www.ligamagic.com.br/?view=cards/card&card=dark+hatchling,[0.5  0.52 0.75 0.75 0.79 0.95 0.95 1.  ],0.77625
2025-05-01,Dark Ritual,Ritual Sombrio,{B},Instant,['B'],USG,A Saga de Urza,https://www.ligamagic.com.br/?view=cards/card&card=dark+ritual,[ 9.25  9.34  9.75 10.62 10.7  11.   11.99 12.  ],10.58125
2025-05-01,Defensive Formation,Formação Defensiva,{W},Enchantment,['W'],USG,A Saga de Urza,https://www.ligamagic.com.br/?view=cards/card&card=defensive+formation,[0.23 0.45 0.5  0.5  0.5  0.5  0.5  0.5 ],0.46
2025-05-01,Despondency,Desalento,{1}{B},Enchantment — Aura,['B'],USG,A Saga de Urza,https://www.ligamagic.com.br/?view=cards/card&card=despondency,[0.04 0.08 0.08 0.08 0.09 0.09 0.09 0.11],0.0825
2025-05-01,Destructive Urge,ímpeto Destrutivo,{1}{R}{R},Enchantment — Aura,['R'],USG,A Saga de Urza,https://www.ligamagic.com.br/?view=cards/card&card=destructive+urge,[0.67 5.59 5.7  5.99 6.3  6.53 6.64 6.9 ],5.54
2025-05-01,Diabolic Servitude,Servidão Diabólica,{3}{B},Enchantment,['B'],USG,A Saga de Urza,https://www.ligamagic.com.br/?view=cards/card&card=diabolic+servitude,[0.14 0.18 0.25 0.25 0.35 0.35 0.43 0.44],0.2987499999999999
2025-05-01,Disciple of Grace,Discípulo da Graça,{1}{W},Creature — Human Cleric,['W'],USG,A Saga de Urza,https://www.ligamagic.com.br/?view=cards/card&card=disciple+of+grace,[0.07 0.07 0.09 0.09 0.09 0.09 0.1  0.15],0.09375
2025-05-01,Disciple of Law,Discípulo da Lei,{1}{W},Creature — Human Cleric,['W'],USG,A Saga de Urza,https://www.ligamagic.com.br/?view=cards/card&card=disciple+of+law,[0.09 0.09 0.1  0.11 0.12 0.18 0.25 0.3 ],0.155
2025-05-01,Discordant Dirge,Nênia Dissonante,{3}{B}{B},Enchantment,['B'],USG,A Saga de Urza,https://www.ligamagic.com.br/?view=cards/card&card=discordant+dirge,[0.59 0.64 0.7  0.7  0.75 0.79 0.79 0.88],0.73
2025-05-01,Disenchant,Desencantar,{1}{W},Instant,['W'],USG,A Saga de Urza,https://www.ligamagic.com.br/?view=cards/card&card=disenchant,[0.05 0.08 0.08 0.09 0.09 0.09 0.09 0.14],0.08875
2025-05-01,Disorder,Desordem,{1}{R},Sorcery,['R'],USG,A Saga de Urza,https://www.ligamagic.com.br/?view=cards/card&card=disorder,[0.2  0.23 0.25 0.25 0.25 0.27 0.27 0.27],0.24875
2025-05-01,Disruptive Student,Aluno Destruidor,{2}{U},Creature — Human Wizard,['U'],USG,A Saga de Urza,https://www.ligamagic.com.br/?view=cards/card&card=disruptive+student,[0.1  0.25 0.25 0.25 0.4  0.4  0.49 0.5 ],0.33
2025-05-01,Douse,Abafar,{2}{U},Enchantment,['U'],USG,A Saga de Urza,https://www.ligamagic.com.br/?view=cards/card&card=douse,[0.53 0.56 0.63 0.64 0.75 0.85 0.9  0.93],0.7237500000000001
2025-05-01,Dragon Blood,Sangue de Dragão,{3},Artifact,[],USG,A Saga de Urza,https://www.ligamagic.com.br/?view=cards/card&card=dragon+blood,[0.13 0.17 0.18 0.18 0.18 0.2  0.23 0.25],0.19
2025-05-01,Drifting Djinn,Gênio Errante,{4}{U}{U},Creature — Djinn,['U'],USG,A Saga de Urza,https://www.ligamagic.com.br/?view=cards/card&card=drifting+djinn,[135.     3.     9.9   10.51  10.99  10.99  14.75  14.99],26.26625
2025-05-01,Drifting Meadow,Campina Flutuante,,Land,[],USG,A Saga de Urza,https://www.ligamagic.com.br/?view=cards/card&card=drifting+meadow,[0.18 0.18 0.19 0.24 0.25 0.25 0.25 0.25],0.22375
2025-05-01,Dromosaur,Dromossauro,{2}{R},Creature — Dinosaur,['R'],USG,A Saga de Urza,https://www.ligamagic.com.br/?view=cards/card&card=dromosaur,[0.08 0.08 0.09 0.09 0.09 0.1  0.11 0.11],0.09375
2025-05-01,Duress,Coergir,{B},Sorcery,['B'],USG,A Saga de Urza,https://www.ligamagic.com.br/?view=cards/card&card=duress,[],0.0
2025-05-01,Eastern Paladin,Paladino do Leste,{2}{B}{B},Creature — Phyrexian Zombie Knight,['B'],USG,A Saga de Urza,https://www.ligamagic.com.br/?view=cards/card&card=eastern+paladin,[0.8  0.99 1.05 1.5  1.94 2.   2.09 2.24],1.57625
2025-05-01,Electryte,Electrita,{3}{R}{R},Creature — Trilobite Beast,['R'],USG,A Saga de Urza,https://www.ligamagic.com.br/?view=cards/card&card=electryte,[0.45 0.5  0.51 0.57 0.72 0.75 0.81 0.86],0.64625
2025-05-01,Elite Archers,Arqueiros de Elite,{5}{W},Creature — Human Soldier Archer,['W'],USG,A Saga de Urza,https://www.ligamagic.com.br/?view=cards/card&card=elite+archers,[  0.39   0.75   0.99   1.16   1.28 145.     1.45 149.  ],37.502500000000005
2025-05-01,Elvish Herder,Elfo Boiadeiro,{G},Creature — Elf,['G'],USG,A Saga de Urza,https://www.ligamagic.com.br/?view=cards/card&card=elvish+herder,[3.59 4.03 4.25 4.47 4.49 4.75 4.9  4.9 ],4.422499999999999
2025-05-01,Elvish Lyrist,Elfo Lirista,{G},Creature — Elf,['G'],USG,A Saga de Urza,https://www.ligamagic.com.br/?view=cards/card&card=elvish+lyrist,[0.14 0.14 0.2  0.25 0.43 0.5  0.5  0.5 ],0.3325
2025-05-01,Enchantment Alteration,Alteração de Encantamento,{U},Instant,['U'],USG,A Saga de Urza,https://www.ligamagic.com.br/?view=cards/card&card=enchantment+alteration,[0.54 1.7  2.13 2.49 2.59 2.9  2.95 2.99],2.28625
2025-05-01,Endless Wurm,Vorme Interminável,{3}{G}{G},Creature — Wurm,['G'],USG,A Saga de Urza,https://www.ligamagic.com.br/?view=cards/card&card=endless+wurm,[ 4.5   5.48  5.5  10.49 12.99 14.75 14.99 14.99],10.46125
2025-05-01,Endoskeleton,Endoesqueleto,{2},Artifact,[],USG,A Saga de Urza,https://www.ligamagic.com.br/?view=cards/card&card=endoskeleton,[0.09 0.1  0.14 0.14 0.2  0.23 0.23 0.23],0.17
2025-05-01,Energy Field,Campo de Energia,{1}{U},Enchantment,['U'],USG,A Saga de Urza,https://www.ligamagic.com.br/?view=cards/card&card=energy+field,[5.84 5.95 6.5  6.68 6.94 7.73 8.   8.09],6.9662500000000005
2025-05-01,Exhaustion,Exaustão,{2}{U},Sorcery,['U'],USG,A Saga de Urza,https://www.ligamagic.com.br/?view=cards/card&card=exhaustion,[  1.35   1.35   1.43 148.   149.     1.5    1.71   1.75],38.26125
2025-05-01,Exhume,Exumar,{1}{B},Sorcery,['B'],USG,A Saga de Urza,https://www.ligamagic.com.br/?view=cards/card&card=exhume,[21.5  22.99 24.9  26.75 27.12 27.19 28.   28.9 ],25.91875
2025-05-01,Exploration,Exploração,{G},Enchantment,['G'],USG,A Saga de Urza,https://www.ligamagic.com.br/?view=cards/card&card=exploration,[252.7  259.9  293.63 314.99 316.35 320.   349.99 468.99],322.06875
2025-05-01,Expunge,Expungir,{2}{B},Instant,['B'],USG,A Saga de Urza,https://www.ligamagic.com.br/?view=cards/card&card=expunge,[0.07 0.09 0.14 0.14 0.14 0.18 0.2  0.23],0.14875
2025-05-01,Faith Healer,Curandeiro da Fé,{1}{W},Creature — Human Cleric,['W'],USG,A Saga de Urza,https://www.ligamagic.com.br/?view=cards/card&card=faith+healer,[6.99 8.   8.09 8.55 8.9  8.95 8.99 9.  ],8.43375
2025-05-01,Falter,Vacilar,{1}{R},Instant,['R'],USG,A Saga de Urza,https://www.ligamagic.com.br/?view=cards/card&card=falter,[0.08 0.09 0.09 0.09 0.1  0.1  0.11 0.11],0.09625
2025-05-01,Fault Line,Paráclase,{X}{R}{R},Instant,['R'],USG,A Saga de Urza,https://www.ligamagic.com.br/?view=cards/card&card=fault+line,[ 6.95  9.5   9.95 11.73 12.5  12.95 12.99 13.49],11.2575
2025-05-01,Fecundity,Fecundidade,{2}{G},Enchantment,['G'],USG,A Saga de Urza,https://www.ligamagic.com.br/?view=cards/card&card=fecundity,[  0.9  141.     1.35   2.     2.04   2.09   2.49   2.54],19.30125
2025-05-01,Fertile Ground,Solo Fértil,{1}{G},Enchantment — Aura,['G'],USG,A Saga de Urza,https://www.ligamagic.com.br/?view=cards/card&card=fertile+ground,[0.48 0.48 0.5  0.5  0.59 0.6  0.6  0.74],0.56125
2025-05-01,Fiery Mantle,Manto Flamejante,{1}{R},Enchantment — Aura,['R'],USG,A Saga de Urza,https://www.ligamagic.com.br/?view=cards/card&card=fiery+mantle,[0.09 0.09 0.09 0.11 0.11 0.11 0.12 0.13],0.10625
2025-05-01,Fire Ants,Formigas de Fogo,{2}{R},Creature — Insect,['R'],USG,A Saga de Urza,https://www.ligamagic.com.br/?view=cards/card&card=fire+ants,[0.08 0.25 0.25 0.25 0.32 0.35 0.36 0.41],0.28375
2025-05-01,Flesh Reaver,Dilacerador de Carne,{1}{B},Creature — Phyrexian Horror,['B'],USG,A Saga de Urza,https://www.ligamagic.com.br/?view=cards/card&card=flesh+reaver,[0.18 0.48 0.5  0.59 0.65 1.   1.5  2.03],0.86625
2025-05-01,Fluctuator,Flutuador,{2},Artifact,[],USG,A Saga de Urza,https://www.ligamagic.com.br/?view=cards/card&card=fluctuator,[ 7.99 14.94 19.74 19.9  22.   22.5  29.9  37.91],21.86
2025-05-01,Fog Bank,Banco de Nevoeiro,{1}{U},Creature — Wall,['U'],USG,A Saga de Urza,https://www.ligamagic.com.br/?view=cards/card&card=fog+bank,[0.39 0.4  0.45 0.75 0.75 0.75 0.35 0.9 ],0.5925
2025-05-01,Forest,Floresta,,Basic Land — Forest,[],USG,A Saga de Urza,https://www.ligamagic.com.br/?view=cards/card&card=forest,[],0.0
2025-05-01,Fortitude,Fortitude,{1}{G},Enchantment — Aura,['G'],USG,A Saga de Urza,https://www.ligamagic.com.br/?view=cards/card&card=fortitude,[0.09 0.11 0.13 0.15 0.2  0.2  0.2  0.25],0.16625
2025-05-01,Gaea's Bounty,Prêmio de Géia,{2}{G},Sorcery,['G'],USG,A Saga de Urza,https://www.ligamagic.com.br/?view=cards/card&card=gaea's+bounty,[0.09 0.09 0.09 0.11 0.11 0.14 0.15 0.16],0.1175
2025-05-01,Gaea's Cradle,Berço de Géia,,Legendary Land,[],USG,A Saga de Urza,https://www.ligamagic.com.br/?view=cards/card&card=gaea's+cradle,[2699.98 2999.9  3199.   3325.   3654.   3860.   3908.32 3917.55],3445.46875
2025-05-01,Gaea's Embrace,Abraço de Géia,{2}{G}{G},Enchantment — Aura,['G'],USG,A Saga de Urza,https://www.ligamagic.com.br/?view=cards/card&card=gaea's+embrace,[125.   125.     1.26   1.26 139.     1.43   1.7    1.7 ],49.54375
2025-05-01,Gamble,Transação Aleatória,{R},Sorcery,['R'],USG,A Saga de Urza,https://www.ligamagic.com.br/?view=cards/card&card=gamble,[46.12 49.75 49.9  49.9  50.   50.   52.73 52.9 ],50.1625
2025-05-01,Gilded Drake,Dragonete Engalanado,{1}{U},Creature — Drake,['U'],USG,A Saga de Urza,https://www.ligamagic.com.br/?view=cards/card&card=gilded+drake,[640.   649.99 699.75 699.99 799.   799.9  800.   805.49],736.7650000000001
2025-05-01,Glorious Anthem,Antífona Gloriosa,{1}{W}{W},Enchantment,['W'],USG,A Saga de Urza,https://www.ligamagic.com.br/?view=cards/card&card=glorious+anthem,[ 2.85 14.63 18.  ],11.826666666666668
2025-05-01,Goblin Cadets,Cadetes Goblins,{R},Creature — Goblin,['R'],USG,A Saga de Urza,https://www.ligamagic.com.br/?view=cards/card&card=goblin+cadets,[1.04 1.2  1.62 1.64 1.69 1.69 1.93 1.93],1.5925
2025-05-01,Goblin Lackey,Lacaio Goblin,{R},Creature — Goblin,['R'],USG,A Saga de Urza,https://www.ligamagic.com.br/?view=cards/card&card=goblin+lackey,[ 93.   104.9  104.95 115.95 117.   124.9  134.9  142.45],117.25625
2025-05-01,Goblin Matron,Matrona Goblin,{2}{R},Creature — Goblin,['R'],USG,A Saga de Urza,https://www.ligamagic.com.br/?view=cards/card&card=goblin+matron,[2.95 3.   3.3  3.9  3.99 4.5  4.79 4.9 ],3.91625
2025-05-01,Goblin Offensive,Ofensiva de Goblins,{X}{1}{R}{R},Sorcery,['R'],USG,A Saga de Urza,https://www.ligamagic.com.br/?view=cards/card&card=goblin+offensive,[2.85 3.05 4.25 4.28 6.09 6.37 7.99 9.99],5.608750000000001
2025-05-01,Goblin Patrol,Patrulha de Goblins,{R},Creature — Goblin,['R'],USG,A Saga de Urza,https://www.ligamagic.com.br/?view=cards/card&card=goblin+patrol,[0.09 0.15 0.16 0.19 0.24 0.24 0.25 0.25],0.1962499999999999
2025-05-01,Goblin Raider,Goblin Salteador,{1}{R},Creature — Goblin Warrior,['R'],USG,A Saga de Urza,https://www.ligamagic.com.br/?view=cards/card&card=goblin+raider,[0.07 0.08 0.09 0.09 0.09 0.09 0.09 0.11],0.08875
2025-05-01,Goblin Spelunkers,Goblins Espeleólogos,{2}{R},Creature — Goblin Warrior,['R'],USG,A Saga de Urza,https://www.ligamagic.com.br/?view=cards/card&card=goblin+spelunkers,[0.06 0.06 0.09 0.09 0.09 0.09 0.09 0.09],0.0824999999999999
2025-05-01,Goblin War Buggy,Carro de Guerra dos Goblins,{1}{R},Creature — Goblin,['R'],USG,A Saga de Urza,https://www.ligamagic.com.br/?view=cards/card&card=goblin+war+buggy,[0.09 0.09 0.09 0.09 0.09 0.1  0.11 0.11],0.09625
2025-05-01,Gorilla Warrior,Gorila Guerreiro,{2}{G},Creature — Ape Warrior,['G'],USG,A Saga de Urza,https://www.ligamagic.com.br/?view=cards/card&card=gorilla+warrior,[0.03 0.03 0.05 0.06 0.09 0.09 0.09 0.1 ],0.0675
2025-05-01,Grafted Skullcap,Solidéu Enxertado,{4},Artifact,[],USG,A Saga de Urza,https://www.ligamagic.com.br/?view=cards/card&card=grafted+skullcap,[1.   1.44 1.5  1.95 2.   2.79 2.99 2.99],2.0825
2025-05-01,Greater Good,Bem Maior,{2}{G}{G},Enchantment,['G'],USG,A Saga de Urza,https://www.ligamagic.com.br/?view=cards/card&card=greater+good,[22.94 28.04 39.92 42.11 42.73 42.9  43.27 46.  ],38.48875
2025-05-01,Great Whale,Baleia Açu,{5}{U}{U},Creature — Whale,['U'],USG,A Saga de Urza,https://www.ligamagic.com.br/?view=cards/card&card=great+whale,[52.9  55.   59.9  59.9  59.95 59.95 59.98 60.  ],58.4475
2025-05-01,Greener Pastures,Pastagens Verdejantes,{2}{G},Enchantment,['G'],USG,A Saga de Urza,https://www.ligamagic.com.br/?view=cards/card&card=greener+pastures,[  0.94   0.95   0.96   0.99   1.     1.18   1.35 141.  ],18.54625
2025-05-01,Guma,Guma,{2}{R},Creature — Cat,['R'],USG,A Saga de Urza,https://www.ligamagic.com.br/?view=cards/card&card=guma,[0.06 0.18 0.18 0.23 0.24 0.25 0.27 0.27],0.21
2025-05-01,Hawkeater Moth,Mariposa Falconívora,{3}{G},Creature — Insect,['G'],USG,A Saga de Urza,https://www.ligamagic.com.br/?view=cards/card&card=hawkeater+moth,[0.18 0.18 0.19 0.19 0.2  0.2  0.2  0.23],0.19625
2025-05-01,Headlong Rush,Investida Arrojada,{1}{R},Instant,['R'],USG,A Saga de Urza,https://www.ligamagic.com.br/?view=cards/card&card=headlong+rush,[0.09 0.09 0.09 0.09 0.11 0.11 0.11 0.11],0.1
2025-05-01,Healing Salve,Bálsamo Restaurador,{W},Instant,['W'],USG,A Saga de Urza,https://www.ligamagic.com.br/?view=cards/card&card=healing+salve,[0.09 0.09 0.09 0.09 0.09 0.1  0.11 0.11],0.09625
2025-05-01,Heat Ray,Raio de Calor,{X}{R},Instant,['R'],USG,A Saga de Urza,https://www.ligamagic.com.br/?view=cards/card&card=heat+ray,[0.05 0.07 0.09 0.09 0.09 0.09 0.1  0.1 ],0.0849999999999999
2025-05-01,Herald of Serra,Arauto de Serra,{2}{W}{W},Creature — Angel,['W'],USG,A Saga de Urza,https://www.ligamagic.com.br/?view=cards/card&card=herald+of+serra,[ 8.5   9.5   9.9   9.9  10.34 10.49 10.5  10.8 ],9.99125
2025-05-01,Hermetic Study,Estudo Hermético,{1}{U},Enchantment — Aura,['U'],USG,A Saga de Urza,https://www.ligamagic.com.br/?view=cards/card&card=hermetic+study,[0.08 0.09 0.09 0.09 0.09 0.11 0.18 0.18],0.11375
2025-05-01,Hibernation,Hibernação,{2}{U},Instant,['U'],USG,A Saga de Urza,https://www.ligamagic.com.br/?view=cards/card&card=hibernation,[1.57 1.79 2.9  3.09 3.4  4.59 4.78 5.  ],3.390000000000001
2025-05-01,Hidden Ancients,Anciões Escondidos,{1}{G},Enchantment,['G'],USG,A Saga de Urza,https://www.ligamagic.com.br/?view=cards/card&card=hidden+ancients,[0.04 0.14 0.14 0.2  0.23 0.23 0.24 0.3 ],0.19
2025-05-01,Hidden Guerrillas,Guerrilheiros Escondidos,{G},Enchantment,['G'],USG,A Saga de Urza,https://www.ligamagic.com.br/?view=cards/card&card=hidden+guerrillas,[0.27 0.36 0.36 0.36 0.41 0.41 0.45 0.45],0.38375
2025-05-01,Hidden Herd,Rebanho Escondido,{G},Enchantment,['G'],USG,A Saga de Urza,https://www.ligamagic.com.br/?view=cards/card&card=hidden+herd,[0.79 0.9  1.3  1.44 1.5  1.5  1.75 1.75],1.36625
2025-05-01,Hidden Predators,Predadores Escondidos,{G},Enchantment,['G'],USG,A Saga de Urza,https://www.ligamagic.com.br/?view=cards/card&card=hidden+predators,[  0.75   0.3    0.81   0.95   0.99   1.     1.17 125.  ],16.37125
2025-05-01,Hidden Spider,Aranha Escondida,{G},Enchantment,['G'],USG,A Saga de Urza,https://www.ligamagic.com.br/?view=cards/card&card=hidden+spider,[0.45 0.48 0.55 0.68 0.35 0.85 0.9  0.95],0.65125
2025-05-01,Hidden Stag,Cervo Escondido,{1}{G},Enchantment,['G'],USG,A Saga de Urza,https://www.ligamagic.com.br/?view=cards/card&card=hidden+stag,[0.36 0.5  0.54 0.63 0.7  0.86 0.89 0.9 ],0.6725
2025-05-01,Hollow Dogs,Cães Ôcos,{4}{B},Creature — Phyrexian Zombie Dog,['B'],USG,A Saga de Urza,https://www.ligamagic.com.br/?view=cards/card&card=hollow+dogs,[0.06 0.07 0.08 0.09 0.11 0.11 0.11 0.11],0.0925
2025-05-01,Hopping Automaton,Autômato Pulador,{3},Artifact Creature — Construct,[],USG,A Saga de Urza,https://www.ligamagic.com.br/?view=cards/card&card=hopping+automaton,[0.09 0.09 0.1  0.13 0.14 0.18 0.18 0.18],0.1362499999999999
2025-05-01,Horseshoe Crab,Caranguejo Ferradura,{2}{U},Creature — Crab,['U'],USG,A Saga de Urza,https://www.ligamagic.com.br/?view=cards/card&card=horseshoe+crab,[0.07 0.08 0.09 0.09 0.11 0.14 0.14 0.18],0.1125
2025-05-01,Humble,Modéstia,{1}{W},Instant,['W'],USG,A Saga de Urza,https://www.ligamagic.com.br/?view=cards/card&card=humble,[0.08 0.1  0.11 0.14 0.15 0.16 0.18 0.18],0.1374999999999999
2025-05-01,Hush,Quietude,{3}{G},Sorcery,['G'],USG,A Saga de Urza,https://www.ligamagic.com.br/?view=cards/card&card=hush,[0.17 0.18 0.18 0.18 0.2  0.2  0.23 0.24],0.1975
2025-05-01,Ill-Gotten Gains,Ganhos Mal Adquiridos,{2}{B}{B},Sorcery,['B'],USG,A Saga de Urza,https://www.ligamagic.com.br/?view=cards/card&card=ill-gotten+gains,[ 6.6   9.78 10.74 10.99 11.   14.84 29.99 34.99],16.11625
2025-05-01,Imaginary Pet,Mascote Imaginário,{1}{U},Creature — Illusion,['U'],USG,A Saga de Urza,https://www.ligamagic.com.br/?view=cards/card&card=imaginary+pet,[  0.96   0.99 109.     1.12   1.13   1.24   1.25   1.27],14.62
2025-05-01,Intrepid Hero,Herói Intrépido,{2}{W},Creature — Human Soldier,['W'],USG,A Saga de Urza,https://www.ligamagic.com.br/?view=cards/card&card=intrepid+hero,[ 7.    7.34 19.99 19.99 24.75 24.99],17.34333333333333
2025-05-01,Island,Ilha,,Basic Land — Island,[],USG,A Saga de Urza,https://www.ligamagic.com.br/?view=cards/card&card=island,[],0.0
2025-05-01,Jagged Lightning,Raio Repartido,{3}{R}{R},Sorcery,['R'],USG,A Saga de Urza,https://www.ligamagic.com.br/?view=cards/card&card=jagged+lightning,[0.08 0.1  0.14 0.18 0.18 0.18 0.19 0.2 ],0.15625
2025-05-01,"Karn, Silver Golem","Karn, Golem de Prata",{5},Legendary Artifact Creature — Golem,[],USG,A Saga de Urza,"https://www.ligamagic.com.br/?view=cards/card&card=karn,+silver+golem",[44.96 47.5  47.5  43.9  49.99 50.35 54.93 56.8 ],49.49125
2025-05-01,Launch,Lançar,{1}{U},Enchantment — Aura,['U'],USG,A Saga de Urza,https://www.ligamagic.com.br/?view=cards/card&card=launch,[0.09 0.1  0.14 0.14 0.14 0.15 0.15 0.17],0.135
2025-05-01,Lay Waste,Assolar,{3}{R},Sorcery,['R'],USG,A Saga de Urza,https://www.ligamagic.com.br/?view=cards/card&card=lay+waste,[0.09 0.09 0.1  0.11 0.11 0.13 0.13 0.14],0.1125
2025-05-01,Lifeline,Linha Vital,{5},Artifact,[],USG,A Saga de Urza,https://www.ligamagic.com.br/?view=cards/card&card=lifeline,[40.8  45.91 54.15 57.   57.   57.5  53.   58.7 ],53.0075
2025-05-01,Lightning Dragon,Dragão do Relâmpago,{2}{R}{R},Creature — Dragon,['R'],USG,A Saga de Urza,https://www.ligamagic.com.br/?view=cards/card&card=lightning+dragon,[ 9.75 11.88 11.98 12.95 13.83 14.   14.   14.  ],12.79875
2025-05-01,Lilting Refrain,Refrão Cadenciado,{1}{U},Enchantment,['U'],USG,A Saga de Urza,https://www.ligamagic.com.br/?view=cards/card&card=lilting+refrain,[0.1  0.25 0.3  0.39 0.43 0.5  0.5  0.5 ],0.3712499999999999
2025-05-01,Lingering Mirage,Miragem Duradoura,{1}{U},Enchantment — Aura,['U'],USG,A Saga de Urza,https://www.ligamagic.com.br/?view=cards/card&card=lingering+mirage,[0.25 0.25 0.29 0.32 0.35 0.35 0.35 0.36],0.3149999999999999
2025-05-01,Looming Shade,Vulto Indistinto,{2}{B},Creature — Shade,['B'],USG,A Saga de Urza,https://www.ligamagic.com.br/?view=cards/card&card=looming+shade,[0.04 0.09 0.09 0.09 0.09 0.09 0.09 0.09],0.0837499999999999
2025-05-01,Lotus Blossom,Flor de Lótus,{2},Artifact,[],USG,A Saga de Urza,https://www.ligamagic.com.br/?view=cards/card&card=lotus+blossom,[2.39 2.53 4.95 5.6  5.93 6.   6.   6.  ],4.925
2025-05-01,Lull,Calmaria,{1}{G},Instant,['G'],USG,A Saga de Urza,https://www.ligamagic.com.br/?view=cards/card&card=lull,[0.05 0.09 0.1  0.14 0.15 0.18 0.2  0.25],0.145
2025-05-01,Lurking Evil,Perversidade Furtiva,{B}{B}{B},Enchantment,['B'],USG,A Saga de Urza,https://www.ligamagic.com.br/?view=cards/card&card=lurking+evil,[  0.27   0.9    0.9    1.     1.   108.   125.   134.  ],46.38375
2025-05-01,Mana Leech,Sanguessuga de Mana,{2}{B},Creature — Leech,['B'],USG,A Saga de Urza,https://www.ligamagic.com.br/?view=cards/card&card=mana+leech,[0.18 0.2  0.23 0.23 0.24 0.25 0.25 0.27],0.23125
2025-05-01,Meltdown,Fusão,{X}{R},Sorcery,['R'],USG,A Saga de Urza,https://www.ligamagic.com.br/?view=cards/card&card=meltdown,[ 4.28  5.09  6.65  8.99  9.6   9.95 10.2  12.  ],8.345
2025-05-01,Metrognome,Metrognomo,{4},Artifact,[],USG,A Saga de Urza,https://www.ligamagic.com.br/?view=cards/card&card=metrognome,[  0.61   0.7    0.75   0.95 125.     1.25 139.     1.44],33.7125
2025-05-01,Midsummer Revel,Festa do Solstício de Verão,{3}{G}{G},Enchantment,['G'],USG,A Saga de Urza,https://www.ligamagic.com.br/?view=cards/card&card=midsummer+revel,[0.77 0.9  0.95 0.95 0.99 1.   1.   1.1 ],0.9575
2025-05-01,Mishra's Helix,Hélice de Mishra,{5},Artifact,[],USG,A Saga de Urza,https://www.ligamagic.com.br/?view=cards/card&card=mishra's+helix,[ 4.95  5.    9.95 11.99 12.74 12.9  14.99 15.  ],10.94
2025-05-01,Mobile Fort,Forte Móvel,{4},Artifact Creature — Wall,[],USG,A Saga de Urza,https://www.ligamagic.com.br/?view=cards/card&card=mobile+fort,[0.1  0.14 0.15 0.2  0.2  0.22 0.23 0.24],0.185
2025-05-01,Monk Idealist,Monge Idealista,{2}{W},Creature — Human Monk Cleric,['W'],USG,A Saga de Urza,https://www.ligamagic.com.br/?view=cards/card&card=monk+idealist,[0.3  0.38 0.39 0.47 0.48 0.49 0.49 0.49],0.43625
2025-05-01,Monk Realist,Monge Realista,{1}{W},Creature — Human Monk Cleric,['W'],USG,A Saga de Urza,https://www.ligamagic.com.br/?view=cards/card&card=monk+realist,[0.11 0.18 0.18 0.18 0.25 0.25 0.25 0.25],0.20625
2025-05-01,Morphling,Morfolídeo,{3}{U}{U},Creature — Shapeshifter,['U'],USG,A Saga de Urza,https://www.ligamagic.com.br/?view=cards/card&card=morphling,[45.   47.5  54.99 55.   59.5  59.99 64.99 65.  ],56.49625
2025-05-01,Mountain,Montanha,,Basic Land — Mountain,[],USG,A Saga de Urza,https://www.ligamagic.com.br/?view=cards/card&card=mountain,[],0.0
2025-05-01,Noetic Scales,Escalas Poéticas,{4},Artifact,[],USG,A Saga de Urza,https://www.ligamagic.com.br/?view=cards/card&card=noetic+scales,[14.5  17.   19.   19.   19.9  21.   21.24 21.5 ],19.1425
2025-05-01,No Rest for the Wicked,Sem Descanso para o Mal,{1}{B},Enchantment,['B'],USG,A Saga de Urza,https://www.ligamagic.com.br/?view=cards/card&card=no+rest+for+the+wicked,[2.09 2.09 2.11 2.31 2.54 2.57 2.67 2.78],2.395
2025-05-01,Okk,Okk,{1}{R},Creature — Goblin,['R'],USG,A Saga de Urza,https://www.ligamagic.com.br/?view=cards/card&card=okk,[0.45 0.46 0.5  0.68 0.89 0.92 0.94 0.99],0.72875
2025-05-01,Opal Acrolith,Acrólita de Opala,{2}{W},Enchantment,['W'],USG,A Saga de Urza,https://www.ligamagic.com.br/?view=cards/card&card=opal+acrolith,[0.07 0.09 0.09 0.09 0.11 0.11 0.16 0.18],0.1124999999999999
2025-05-01,Opal Archangel,Arcanjo de Opala,{4}{W},Enchantment,['W'],USG,A Saga de Urza,https://www.ligamagic.com.br/?view=cards/card&card=opal+archangel,[6.5  6.75 6.39 6.93 7.69 7.75 7.75 7.75],7.188750000000001
2025-05-01,Opal Caryatid,Cariátide de Opala,{W},Enchantment,['W'],USG,A Saga de Urza,https://www.ligamagic.com.br/?view=cards/card&card=opal+caryatid,[0.04 0.09 0.09 0.09 0.09 0.11 0.12 0.14],0.09625
2025-05-01,Opal Gargoyle,Gárgula de Opala,{1}{W},Enchantment,['W'],USG,A Saga de Urza,https://www.ligamagic.com.br/?view=cards/card&card=opal+gargoyle,[0.09 0.09 0.09 0.1  0.1  0.1  0.11 0.11],0.09875
2025-05-01,Opal Titan,Titã de Opala,{2}{W}{W},Enchantment,['W'],USG,A Saga de Urza,https://www.ligamagic.com.br/?view=cards/card&card=opal+titan,[0.35 0.45 0.49 0.5  0.55 0.55 0.67 0.68],0.53
2025-05-01,Oppression,Opressão,{1}{B}{B},Enchantment,['B'],USG,A Saga de Urza,https://www.ligamagic.com.br/?view=cards/card&card=oppression,[19.9  19.95 19.99 20.   21.9  22.   23.   24.  ],21.3425
2025-05-01,Order of Yawgmoth,Ordem de Yawgmoth,{2}{B}{B},Creature — Phyrexian Zombie Knight,['B'],USG,A Saga de Urza,https://www.ligamagic.com.br/?view=cards/card&card=order+of+yawgmoth,[0.39 0.45 0.5  0.5  0.5  0.68 0.7  0.75],0.55875
2025-05-01,Outmaneuver,Frustrar Tática Defensiva,{X}{R},Instant,['R'],USG,A Saga de Urza,https://www.ligamagic.com.br/?view=cards/card&card=outmaneuver,[0.25 0.75 0.78 0.84 0.35 0.88 0.9  0.99],0.7175
2025-05-01,Pacifism,Pacifismo,{1}{W},Enchantment — Aura,['W'],USG,A Saga de Urza,https://www.ligamagic.com.br/?view=cards/card&card=pacifism,[],0.0
2025-05-01,Parasitic Bond,Vínculo Parasítico,{3}{B},Enchantment — Aura,['B'],USG,A Saga de Urza,https://www.ligamagic.com.br/?view=cards/card&card=parasitic+bond,[0.2  0.25 0.25 0.25 0.27 0.3  0.35 0.35],0.2774999999999999
2025-05-01,Pariah,Pária,{2}{W},Enchantment — Aura,['W'],USG,A Saga de Urza,https://www.ligamagic.com.br/?view=cards/card&card=pariah,[ 5.1   7.99  9.75 10.   11.93 12.   12.   12.9 ],10.20875
2025-05-01,Path of Peace,Caminho da Paz,{3}{W},Sorcery,['W'],USG,A Saga de Urza,https://www.ligamagic.com.br/?view=cards/card&card=path+of+peace,[0.08 0.09 0.09 0.09 0.11 0.11 0.12 0.14],0.10375
2025-05-01,Pegasus Charger,Pégaso Atacante,{2}{W},Creature — Pegasus,['W'],USG,A Saga de Urza,https://www.ligamagic.com.br/?view=cards/card&card=pegasus+charger,[0.08 0.09 0.09 0.09 0.09 0.1  0.11 0.11],0.095
2025-05-01,Pendrell Drake,Dragonete de Pendrell,{3}{U},Creature — Drake,['U'],USG,A Saga de Urza,https://www.ligamagic.com.br/?view=cards/card&card=pendrell+drake,[0.05 0.09 0.09 0.1  0.11 0.14 0.14 0.18],0.1125
2025-05-01,Pendrell Flux,Fluxo de Pendrell,{1}{U},Enchantment — Aura,['U'],USG,A Saga de Urza,https://www.ligamagic.com.br/?view=cards/card&card=pendrell+flux,[0.04 0.09 0.09 0.09 0.1  0.13 0.14 0.14],0.1025
2025-05-01,Peregrine Drake,Dragonete Peregrino,{4}{U},Creature — Drake,['U'],USG,A Saga de Urza,https://www.ligamagic.com.br/?view=cards/card&card=peregrine+drake,[1.43 1.9  1.99 1.99 1.99 2.5  2.99 3.9 ],2.33625
2025-05-01,Persecute,Perseguir,{2}{B}{B},Sorcery,['B'],USG,A Saga de Urza,https://www.ligamagic.com.br/?view=cards/card&card=persecute,[ 2.09  2.49  5.75  7.7   8.99  9.75  9.99 11.75],7.313750000000001
2025-05-01,Pestilence,Pestilência,{2}{B}{B},Enchantment,['B'],USG,A Saga de Urza,https://www.ligamagic.com.br/?view=cards/card&card=pestilence,[1.27 1.39 1.4  1.4  1.3  1.99 2.   2.12],1.60875
2025-05-01,Phyrexian Colossus,Colosso Phyrexiano,{7},Artifact Creature — Phyrexian Golem,[],USG,A Saga de Urza,https://www.ligamagic.com.br/?view=cards/card&card=phyrexian+colossus,[0.38 1.95 2.52 3.99 4.59 4.75 5.4  9.99],4.19625
2025-05-01,Phyrexian Ghoul,Carniçal Phyrexiano,{2}{B},Creature — Phyrexian Zombie,['B'],USG,A Saga de Urza,https://www.ligamagic.com.br/?view=cards/card&card=phyrexian+ghoul,[0.09 0.09 0.09 0.1  0.13 0.13 0.13 0.14],0.1125
2025-05-01,Phyrexian Processor,Processador Phyrexiano,{4},Artifact,[],USG,A Saga de Urza,https://www.ligamagic.com.br/?view=cards/card&card=phyrexian+processor,[ 1.    5.    5.69  7.9   9.75 14.9  16.   16.9 ],9.6425
2025-05-01,Phyrexian Tower,Torre Phyrexiana,,Legendary Land,[],USG,A Saga de Urza,https://www.ligamagic.com.br/?view=cards/card&card=phyrexian+tower,[249.99 250.   259.   274.99 274.99 297.42 299.9  300.  ],275.78625
2025-05-01,Pit Trap,Fojo com Estacas,{2},Artifact,[],USG,A Saga de Urza,https://www.ligamagic.com.br/?view=cards/card&card=pit+trap,[0.15 0.18 0.18 0.2  0.21 0.23 0.24 0.24],0.20375
2025-05-01,Plains,Planície,,Basic Land — Plains,[],USG,A Saga de Urza,https://www.ligamagic.com.br/?view=cards/card&card=plains,[],0.0
2025-05-01,Planar Birth,Nascimento Interplanar,{1}{W},Sorcery,['W'],USG,A Saga de Urza,https://www.ligamagic.com.br/?view=cards/card&card=planar+birth,[11.4  11.75 11.99 12.59 13.75 14.2  14.94 15.15],13.22125
2025-05-01,Planar Void,Vácuo Interplanar,{B},Enchantment,['B'],USG,A Saga de Urza,https://www.ligamagic.com.br/?view=cards/card&card=planar+void,[12.   12.95 13.26 22.95 24.99 24.99 27.98 28.  ],20.89
2025-05-01,Polluted Mire,Lamaçal Poluído,,Land,[],USG,A Saga de Urza,https://www.ligamagic.com.br/?view=cards/card&card=polluted+mire,[0.18 0.18 0.23 0.24 0.28 0.32 0.33 0.4 ],0.27
2025-05-01,Pouncing Jaguar,Jaguar Rabaz,{G},Creature — Cat,['G'],USG,A Saga de Urza,https://www.ligamagic.com.br/?view=cards/card&card=pouncing+jaguar,[0.18 0.2  0.24 0.25 0.25 0.25 0.3  0.3 ],0.24625
2025-05-01,Power Sink,Sorvedouro de Mana,{X}{U},Instant,['U'],USG,A Saga de Urza,https://www.ligamagic.com.br/?view=cards/card&card=power+sink,[0.09 0.09 0.09 0.14 0.14 0.14 0.14 0.17],0.125
2025-05-01,Power Taint,Marca de Poder,{1}{U},Enchantment — Aura,['U'],USG,A Saga de Urza,https://www.ligamagic.com.br/?view=cards/card&card=power+taint,[0.04 0.09 0.1  0.11 0.13 0.13 0.14 0.14],0.11
2025-05-01,Presence of the Master,Presença do Mestre,{3}{W},Enchantment,['W'],USG,A Saga de Urza,https://www.ligamagic.com.br/?view=cards/card&card=presence+of+the+master,[  0.85 125.   148.     3.     3.75   3.75   3.99   4.99],36.666250000000005
2025-05-01,Priest of Gix,Sacerdote de Gix,{2}{B},Creature — Phyrexian Human Cleric Minion,['B'],USG,A Saga de Urza,https://www.ligamagic.com.br/?view=cards/card&card=priest+of+gix,[ 9.99 13.11 13.95 14.4  16.16 18.   13.5  19.75],14.8575
2025-05-01,Priest of Titania,Sacerdote de Titânia,{1}{G},Creature — Elf Druid,['G'],USG,A Saga de Urza,https://www.ligamagic.com.br/?view=cards/card&card=priest+of+titania,[ 7.76  9.    9.48  9.8   9.8   9.95 10.5  11.73],9.7525
2025-05-01,Purging Scythe,Foice Expurgadora,{5},Artifact,[],USG,A Saga de Urza,https://www.ligamagic.com.br/?view=cards/card&card=purging+scythe,[0.37 0.6  0.75 0.95 0.99 1.   1.01 1.05],0.84
2025-05-01,Rain of Filth,Chuva de Imundície,{B},Instant,['B'],USG,A Saga de Urza,https://www.ligamagic.com.br/?view=cards/card&card=rain+of+filth,[19.54 23.25 24.   25.   25.   25.65 26.   27.  ],24.43
2025-05-01,Rain of Salt,Chuva de Sal,{4}{R}{R},Sorcery,['R'],USG,A Saga de Urza,https://www.ligamagic.com.br/?view=cards/card&card=rain+of+salt,[0.24 0.25 0.31 0.39 0.5  0.6  0.75 0.75],0.47375
2025-05-01,Ravenous Skirge,Eskirge Voraz,{2}{B},Creature — Phyrexian Imp,['B'],USG,A Saga de Urza,https://www.ligamagic.com.br/?view=cards/card&card=ravenous+skirge,[0.09 0.09 0.09 0.1  0.1  0.11 0.13 0.13],0.105
2025-05-01,Raze,Arrasar,{R},Sorcery,['R'],USG,A Saga de Urza,https://www.ligamagic.com.br/?view=cards/card&card=raze,[ 9.9  12.   12.   14.   14.   14.5  14.74 14.9 ],13.255
2025-05-01,Recantation,Recantação,{3}{U}{U},Enchantment,['U'],USG,A Saga de Urza,https://www.ligamagic.com.br/?view=cards/card&card=recantation,[  0.43   0.75   0.75   0.75   1.     1.     1.   102.  ],13.46
2025-05-01,Reclusive Wight,Avantesma Recluso,{3}{B},Creature — Zombie Minion,['B'],USG,A Saga de Urza,https://www.ligamagic.com.br/?view=cards/card&card=reclusive+wight,[0.09 0.18 0.2  0.2  0.24 0.24 0.24 0.25],0.205
2025-05-01,Redeem,Redimir,{1}{W},Instant,['W'],USG,A Saga de Urza,https://www.ligamagic.com.br/?view=cards/card&card=redeem,[0.09 0.09 0.09 0.11 0.11 0.14 0.14 0.16],0.11625
2025-05-01,Reflexes,Reflexos,{R},Enchantment — Aura,['R'],USG,A Saga de Urza,https://www.ligamagic.com.br/?view=cards/card&card=reflexes,[0.08 0.09 0.09 0.09 0.09 0.09 0.1  0.11],0.0925
2025-05-01,Rejuvenate,Rejuvenescer,{3}{G},Sorcery,['G'],USG,A Saga de Urza,https://www.ligamagic.com.br/?view=cards/card&card=rejuvenate,[0.05 0.09 0.09 0.09 0.11 0.11 0.13 0.14],0.10125
2025-05-01,Remembrance,Lembrança,{3}{W},Enchantment,['W'],USG,A Saga de Urza,https://www.ligamagic.com.br/?view=cards/card&card=remembrance,[12.99 13.   14.9  14.99 14.99 15.   16.5  16.55],14.865
2025-05-01,Remote Isle,Ilha Remota,,Land,[],USG,A Saga de Urza,https://www.ligamagic.com.br/?view=cards/card&card=remote+isle,[0.36 0.38 0.38 0.38 0.38 0.43 0.43 0.45],0.39875
2025-05-01,Reprocess,Reprocessar,{2}{B}{B},Sorcery,['B'],USG,A Saga de Urza,https://www.ligamagic.com.br/?view=cards/card&card=reprocess,[ 3.75  9.75  9.9   9.99 10.   10.   11.   12.72],9.63875
2025-05-01,Rescind,Rescindir,{1}{U}{U},Instant,['U'],USG,A Saga de Urza,https://www.ligamagic.com.br/?view=cards/card&card=rescind,[0.09 0.15 0.17 0.18 0.18 0.2  0.2  0.2 ],0.17125
2025-05-01,Retaliation,Retaliação,{2}{G},Enchantment,['G'],USG,A Saga de Urza,https://www.ligamagic.com.br/?view=cards/card&card=retaliation,[0.04 0.08 0.09 0.09 0.11 0.11 0.24 0.25],0.12625
2025-05-01,Retromancer,Retromante,{2}{R}{R},Creature — Lizard Shaman,['R'],USG,A Saga de Urza,https://www.ligamagic.com.br/?view=cards/card&card=retromancer,[0.08 0.09 0.09 0.1  0.11 0.11 0.11 0.11],0.1
2025-05-01,Rewind,Retroceder,{2}{U}{U},Instant,['U'],USG,A Saga de Urza,https://www.ligamagic.com.br/?view=cards/card&card=rewind,[1.   1.1  1.13 1.15 1.75 1.99 2.   2.42],1.5675
2025-05-01,Rumbling Crescendo,Estrondo Retumbante,{3}{R}{R},Enchantment,['R'],USG,A Saga de Urza,https://www.ligamagic.com.br/?view=cards/card&card=rumbling+crescendo,[  1.1    1.35   1.5    1.6    1.69 137.     1.95   2.  ],18.52375
2025-05-01,Rune of Protection: Artifacts,Runa de Proteção: Artefatos,{1}{W},Enchantment,['W'],USG,A Saga de Urza,https://www.ligamagic.com.br/?view=cards/card&card=rune+of+protection:+artifacts,[0.3  0.3  0.36 0.4  0.45 0.5  0.5  0.5 ],0.4137499999999999
2025-05-01,Rune of Protection: Black,Runa de Proteção: Preto,{1}{W},Enchantment,['W'],USG,A Saga de Urza,https://www.ligamagic.com.br/?view=cards/card&card=rune+of+protection:+black,[0.05 0.18 0.18 0.24 0.24 0.25 0.25 0.25],0.205
2025-05-01,Rune of Protection: Blue,Runa de Proteção: Azul,{1}{W},Enchantment,['W'],USG,A Saga de Urza,https://www.ligamagic.com.br/?view=cards/card&card=rune+of+protection:+blue,[0.2  0.23 0.23 0.23 0.24 0.25 0.25 0.25],0.235
2025-05-01,Rune of Protection: Green,Runa de Proteção: Verde,{1}{W},Enchantment,['W'],USG,A Saga de Urza,https://www.ligamagic.com.br/?view=cards/card&card=rune+of+protection:+green,[0.15 0.18 0.18 0.18 0.18 0.2  0.22 0.25],0.1925
2025-05-01,Rune of Protection: Lands,Runa de Proteção: Terrenos,{1}{W},Enchantment,['W'],USG,A Saga de Urza,https://www.ligamagic.com.br/?view=cards/card&card=rune+of+protection:+lands,[0.7  0.39 1.13 1.32 1.4  1.75 1.79 2.13],1.32625
2025-05-01,Rune of Protection: Red,Runa de Proteção: Vermelho,{1}{W},Enchantment,['W'],USG,A Saga de Urza,https://www.ligamagic.com.br/?view=cards/card&card=rune+of+protection:+red,[0.08 0.08 0.11 0.5  0.5  0.62 0.68 0.75],0.415
2025-05-01,Rune of Protection: White,Runa de Proteção: Branco,{1}{W},Enchantment,['W'],USG,A Saga de Urza,https://www.ligamagic.com.br/?view=cards/card&card=rune+of+protection:+white,[0.14 0.15 0.18 0.18 0.2  0.23 0.25 0.25],0.1975
2025-05-01,Sanctum Custodian,Custódio do Santuário,{2}{W},Creature — Human Cleric,['W'],USG,A Saga de Urza,https://www.ligamagic.com.br/?view=cards/card&card=sanctum+custodian,[0.09 0.09 0.09 0.09 0.1  0.1  0.11 0.11],0.0975
2025-05-01,Sanctum Guardian,Guardião do Santuário,{1}{W}{W},Creature — Human Cleric,['W'],USG,A Saga de Urza,https://www.ligamagic.com.br/?view=cards/card&card=sanctum+guardian,[0.09 0.09 0.09 0.18 0.18 0.18 0.18 0.18],0.14625
2025-05-01,Sandbar Merfolk,Tritões da Restinga,{U},Creature — Merfolk,['U'],USG,A Saga de Urza,https://www.ligamagic.com.br/?view=cards/card&card=sandbar+merfolk,[0.08 0.1  0.18 0.19 0.19 0.2  0.2  0.2 ],0.1675
2025-05-01,Sandbar Serpent,Serpente da Restinga,{4}{U},Creature — Serpent,['U'],USG,A Saga de Urza,https://www.ligamagic.com.br/?view=cards/card&card=sandbar+serpent,[0.1  0.18 0.24 0.25 0.25 0.25 0.3  0.33],0.2375
2025-05-01,Sanguine Guard,Guarda Sangüífero,{1}{B}{B},Creature — Phyrexian Zombie Knight,['B'],USG,A Saga de Urza,https://www.ligamagic.com.br/?view=cards/card&card=sanguine+guard,[0.12 0.18 0.18 0.25 0.26 0.35 0.35 0.39],0.26
2025-05-01,Scald,Escaldadura,{1}{R},Enchantment,['R'],USG,A Saga de Urza,https://www.ligamagic.com.br/?view=cards/card&card=scald,[0.25 0.3  0.36 0.41 0.45 0.45 0.45 0.49],0.395
2025-05-01,Scoria Wurm,Vorme de Escória,{4}{R},Creature — Wurm,['R'],USG,A Saga de Urza,https://www.ligamagic.com.br/?view=cards/card&card=scoria+wurm,[0.73 0.75 0.75 0.84 0.85 0.88 0.9  0.9 ],0.825
2025-05-01,Scrap,Reduzir a Sucata,{2}{R},Instant,['R'],USG,A Saga de Urza,https://www.ligamagic.com.br/?view=cards/card&card=scrap,[0.08 0.09 0.09 0.09 0.1  0.11 0.11 0.11],0.0975
2025-05-01,Seasoned Marshal,Marechal Experiente,{2}{W}{W},Creature — Human Soldier,['W'],USG,A Saga de Urza,https://www.ligamagic.com.br/?view=cards/card&card=seasoned+marshal,[0.15 0.15 0.18 0.2  0.24 0.24 0.23 0.23],0.2024999999999999
2025-05-01,Serra Avatar,Avatar de Serra,{4}{W}{W}{W},Creature — Avatar,['W'],USG,A Saga de Urza,https://www.ligamagic.com.br/?view=cards/card&card=serra+avatar,[ 9.    9.9  12.   13.99 15.61 15.73 17.94 13.9 ],13.50875
2025-05-01,Serra's Embrace,Abraço de Serra,{2}{W}{W},Enchantment — Aura,['W'],USG,A Saga de Urza,https://www.ligamagic.com.br/?view=cards/card&card=serra's+embrace,[0.18 0.18 0.25 0.25 0.28 0.28 0.3  0.32],0.255
2025-05-01,Serra's Hymn,Hino de Serra,{W},Enchantment,['W'],USG,A Saga de Urza,https://www.ligamagic.com.br/?view=cards/card&card=serra's+hymn,[0.19 0.3  0.45 0.49 0.55 0.56 0.6  0.6 ],0.4675
2025-05-01,Serra's Liturgy,Liturgia de Serra,{2}{W}{W},Enchantment,['W'],USG,A Saga de Urza,https://www.ligamagic.com.br/?view=cards/card&card=serra's+liturgy,[  0.45   0.99   1.19   1.27   1.34 139.     1.4  145.  ],36.33
2025-05-01,Serra's Sanctum,Santuário de Serra,,Legendary Land,[],USG,A Saga de Urza,https://www.ligamagic.com.br/?view=cards/card&card=serra's+sanctum,[749.93 827.99 839.2  849.5  849.95 919.9  975.   999.9 ],876.42125
2025-05-01,Serra Zealot,Zelote de Serra,{W},Creature — Human Soldier,['W'],USG,A Saga de Urza,https://www.ligamagic.com.br/?view=cards/card&card=serra+zealot,[0.09 0.09 0.09 0.09 0.11 0.11 0.11 0.13],0.1025
2025-05-01,Shimmering Barrier,Barreira Tremeluzente,{1}{W},Creature — Wall,['W'],USG,A Saga de Urza,https://www.ligamagic.com.br/?view=cards/card&card=shimmering+barrier,[0.3  0.36 0.38 0.48 0.5  0.5  0.5  0.5 ],0.44
2025-05-01,Shivan Gorge,Ravina de Shiv,,Legendary Land,[],USG,A Saga de Urza,https://www.ligamagic.com.br/?view=cards/card&card=shivan+gorge,[3.75 4.58 4.9  4.95 4.95 5.25 5.3  5.36],4.88
2025-05-01,Shivan Hellkite,Dragão Avérneo de Shiv,{5}{R}{R},Creature — Dragon,['R'],USG,A Saga de Urza,https://www.ligamagic.com.br/?view=cards/card&card=shivan+hellkite,[0.75 0.75 1.76 2.   2.5  2.99 3.6  5.75],2.5125
2025-05-01,Shivan Raptor,Raptor de Shiv,{2}{R},Creature — Dinosaur,['R'],USG,A Saga de Urza,https://www.ligamagic.com.br/?view=cards/card&card=shivan+raptor,[0.06 0.09 0.09 0.18 0.18 0.25 0.25 0.25],0.16875
2025-05-01,Shiv's Embrace,Abraço de Shiv,{2}{R}{R},Enchantment — Aura,['R'],USG,A Saga de Urza,https://www.ligamagic.com.br/?view=cards/card&card=shiv's+embrace,[0.14 0.14 0.14 0.14 0.18 0.18 0.18 0.23],0.16625
2025-05-01,Show and Tell,Mostrar e Contar,{2}{U},Sorcery,['U'],USG,A Saga de Urza,https://www.ligamagic.com.br/?view=cards/card&card=show+and+tell,[149.9  152.   159.95 169.93 169.99 179.75 184.   194.93],170.05625
2025-05-01,Shower of Sparks,Chuva de Centelhas,{R},Instant,['R'],USG,A Saga de Urza,https://www.ligamagic.com.br/?view=cards/card&card=shower+of+sparks,[0.08 0.09 0.09 0.09 0.09 0.09 0.09 0.1 ],0.09
2025-05-01,Sicken,Adoecer,{B},Enchantment — Aura,['B'],USG,A Saga de Urza,https://www.ligamagic.com.br/?view=cards/card&card=sicken,[0.07 0.09 0.09 0.09 0.1  0.1  0.1  0.1 ],0.0925
2025-05-01,Silent Attendant,Ajudante Silencioso,{2}{W},Creature — Human Cleric,['W'],USG,A Saga de Urza,https://www.ligamagic.com.br/?view=cards/card&card=silent+attendant,[0.08 0.09 0.09 0.09 0.09 0.1  0.11 0.11],0.095
2025-05-01,Skirge Familiar,Eskirge Familiar,{4}{B},Creature — Phyrexian Imp,['B'],USG,A Saga de Urza,https://www.ligamagic.com.br/?view=cards/card&card=skirge+familiar,[1.5  2.   2.35 2.51 2.54 2.84 2.99 3.25],2.4975
2025-05-01,Skittering Skirge,Eskirge Esvoaçante,{B}{B},Creature — Phyrexian Imp,['B'],USG,A Saga de Urza,https://www.ligamagic.com.br/?view=cards/card&card=skittering+skirge,[3.9  4.2  5.   5.9  6.93 7.4  7.9  8.9 ],6.26625
2025-05-01,Sleeper Agent,Agente Adormecido,{B},Creature — Phyrexian Minion,['B'],USG,A Saga de Urza,https://www.ligamagic.com.br/?view=cards/card&card=sleeper+agent,[ 7.64  8.91 10.99 11.   11.   11.4  11.99 12.9 ],10.728750000000002
2025-05-01,Slippery Karst,Carste Escorregadio,,Land,[],USG,A Saga de Urza,https://www.ligamagic.com.br/?view=cards/card&card=slippery+karst,[0.18 0.18 0.18 0.25 0.25 0.32 0.4  0.45],0.27625
2025-05-01,Smokestack,Chaminé,{4},Artifact,[],USG,A Saga de Urza,https://www.ligamagic.com.br/?view=cards/card&card=smokestack,[29.99 30.   32.55 32.93 38.9  41.5  41.5  41.8 ],36.14625
2025-05-01,Smoldering Crater,Cratera Fumegante,,Land,[],USG,A Saga de Urza,https://www.ligamagic.com.br/?view=cards/card&card=smoldering+crater,[0.25 0.4  0.4  0.45 0.45 0.5  0.5  0.59],0.4425
2025-05-01,Sneak Attack,Ataque Surpresa,{3}{R},Enchantment,['R'],USG,A Saga de Urza,https://www.ligamagic.com.br/?view=cards/card&card=sneak+attack,[40.47 40.83 41.99 45.99 50.   56.7  59.99 60.  ],49.49625
2025-05-01,Somnophore,Sonóforo,{2}{U}{U},Creature — Illusion,['U'],USG,A Saga de Urza,https://www.ligamagic.com.br/?view=cards/card&card=somnophore,[0.51 0.6  0.64 0.74 0.75 0.95 0.96 0.98],0.7662499999999999
2025-05-01,Songstitcher,Tecelão de Canções,{W},Creature — Human Cleric,['W'],USG,A Saga de Urza,https://www.ligamagic.com.br/?view=cards/card&card=songstitcher,[0.09 0.09 0.09 0.11 0.11 0.13 0.14 0.14],0.1125
2025-05-01,Soul Sculptor,Escultor de Almas,{2}{W},Creature — Human,['W'],USG,A Saga de Urza,https://www.ligamagic.com.br/?view=cards/card&card=soul+sculptor,[  0.9    0.94   1.   139.     1.75 139.     1.98   2.  ],35.82125
2025-05-01,Spined Fluke,Fascíola Espinhenta,{2}{B},Creature — Worm Horror,['B'],USG,A Saga de Urza,https://www.ligamagic.com.br/?view=cards/card&card=spined+fluke,[0.27 0.4  0.46 0.6  0.8  0.99 1.   1.  ],0.69
2025-05-01,Spire Owl,Coruja da Torre,{1}{U},Creature — Bird,['U'],USG,A Saga de Urza,https://www.ligamagic.com.br/?view=cards/card&card=spire+owl,[0.12 0.14 0.4  0.4  0.4  0.5  0.5  0.5 ],0.37
2025-05-01,Sporogenesis,Esporogênese,{3}{G},Enchantment,['G'],USG,A Saga de Urza,https://www.ligamagic.com.br/?view=cards/card&card=sporogenesis,[5.1  5.13 5.95 6.79 6.83 7.11 7.5  7.99],6.55
2025-05-01,Spreading Algae,Algas Disseminadas,{G},Enchantment — Aura,['G'],USG,A Saga de Urza,https://www.ligamagic.com.br/?view=cards/card&card=spreading+algae,[0.45 0.48 0.5  0.5  0.5  0.71 0.71 0.81],0.5825
2025-05-01,Steam Blast,Jato de Vapor,{2}{R},Sorcery,['R'],USG,A Saga de Urza,https://www.ligamagic.com.br/?view=cards/card&card=steam+blast,[0.2  0.25 0.25 0.29 0.32 0.32 0.35 0.35],0.29125
2025-05-01,Stern Proctor,Inspetor Carrancudo,{U}{U},Creature — Human Wizard,['U'],USG,A Saga de Urza,https://www.ligamagic.com.br/?view=cards/card&card=stern+proctor,[0.45 0.49 0.5  0.53 0.63 0.69 0.75 0.78],0.6024999999999999
2025-05-01,Stroke of Genius,Golpe de Gênio,{X}{2}{U},Instant,['U'],USG,A Saga de Urza,https://www.ligamagic.com.br/?view=cards/card&card=stroke+of+genius,[12.49 15.99 16.49 21.83 21.99 22.28 22.91 24.  ],19.7475
2025-05-01,Sulfuric Vapors,Vapores Sulfúricos,{3}{R},Enchantment,['R'],USG,A Saga de Urza,https://www.ligamagic.com.br/?view=cards/card&card=sulfuric+vapors,[  0.36   1.     1.   105.   125.   139.   145.   149.  ],83.17
2025-05-01,Sunder,Rachar,{3}{U}{U},Instant,['U'],USG,A Saga de Urza,https://www.ligamagic.com.br/?view=cards/card&card=sunder,[16.99 17.99 19.99 19.99 21.   21.17 21.21 21.4 ],19.9675
2025-05-01,Swamp,Pântano,,Basic Land — Swamp,[],USG,A Saga de Urza,https://www.ligamagic.com.br/?view=cards/card&card=swamp,[],0.0
2025-05-01,Symbiosis,Simbiose,{1}{G},Instant,['G'],USG,A Saga de Urza,https://www.ligamagic.com.br/?view=cards/card&card=symbiosis,[0.09 0.09 0.1  0.11 0.11 0.11 0.13 0.14],0.11
2025-05-01,Tainted Aether,Éter Maculado,{2}{B}{B},Enchantment,['B'],USG,A Saga de Urza,https://www.ligamagic.com.br/?view=cards/card&card=tainted+aether,[24.85 26.51 23.66 29.75 34.   36.   36.   37.  ],30.97125
2025-05-01,Telepathy,Telepatia,{U},Enchantment,['U'],USG,A Saga de Urza,https://www.ligamagic.com.br/?view=cards/card&card=telepathy,[ 5.5   5.85  5.95  6.5   8.    9.35  9.95 10.29],7.67375
2025-05-01,Temporal Aperture,Abertura Temporal,{2},Artifact,[],USG,A Saga de Urza,https://www.ligamagic.com.br/?view=cards/card&card=temporal+aperture,[12.4  14.27 14.75 14.99 14.99 16.14 16.5  17.75],15.22375
2025-05-01,Thran Quarry,Pedreira de Thran,,Land,[],USG,A Saga de Urza,https://www.ligamagic.com.br/?view=cards/card&card=thran+quarry,[13.49 18.59 19.95 21.87 25.   25.   26.   26.99],22.11125
2025-05-01,Thran Turbine,Turbina de Thran,{1},Artifact,[],USG,A Saga de Urza,https://www.ligamagic.com.br/?view=cards/card&card=thran+turbine,[3.5  3.79 3.95 4.24 4.28 5.   5.   5.  ],4.345000000000001
2025-05-01,Thundering Giant,Gigante Trovejante,{3}{R}{R},Creature — Giant,['R'],USG,A Saga de Urza,https://www.ligamagic.com.br/?view=cards/card&card=thundering+giant,[0.09 0.09 0.09 0.09 0.09 0.1  0.1  0.14],0.09875
2025-05-01,Time Spiral,Espiral Temporal,{4}{U}{U},Sorcery,['U'],USG,A Saga de Urza,https://www.ligamagic.com.br/?view=cards/card&card=time+spiral,[299.75 329.5  329.9  331.42 339.92 339.99 340.31 345.  ],331.97375
2025-05-01,Titania's Boon,Dádiva de Titânia,{3}{G},Sorcery,['G'],USG,A Saga de Urza,https://www.ligamagic.com.br/?view=cards/card&card=titania's+boon,[0.18 0.24 0.25 0.3  0.33 0.33 0.34 0.35],0.29
2025-05-01,Titania's Chosen,Eleito de Titânia,{2}{G},Creature — Elf Archer,['G'],USG,A Saga de Urza,https://www.ligamagic.com.br/?view=cards/card&card=titania's+chosen,[0.2  0.23 0.27 0.3  0.3  0.35 0.42 0.43],0.3125
2025-05-01,Tolarian Academy,Academia Tolariana,,Legendary Land,[],USG,A Saga de Urza,https://www.ligamagic.com.br/?view=cards/card&card=tolarian+academy,[285.   299.25 299.9  299.9  314.91 322.99 322.99 339.99],310.61625000000004
2025-05-01,Tolarian Winds,Ventos Tolarianos,{1}{U},Instant,['U'],USG,A Saga de Urza,https://www.ligamagic.com.br/?view=cards/card&card=tolarian+winds,[2.99 3.9  4.   4.04 4.4  4.49 4.49 4.5 ],4.10125
2025-05-01,Torch Song,Canção da Tocha,{2}{R},Enchantment,['R'],USG,A Saga de Urza,https://www.ligamagic.com.br/?view=cards/card&card=torch+song,[0.09 0.09 0.09 0.09 0.1  0.11 0.11 0.14],0.1025
2025-05-01,Treefolk Seedlings,Brotos de Ents,{2}{G},Creature — Treefolk,['G'],USG,A Saga de Urza,https://www.ligamagic.com.br/?view=cards/card&card=treefolk+seedlings,[0.11 0.24 0.32 0.32 0.32 0.35 0.36 0.39],0.30125
2025-05-01,Treetop Rangers,Patrulheiros das Copas,{2}{G},Creature — Elf Ranger,['G'],USG,A Saga de Urza,https://www.ligamagic.com.br/?view=cards/card&card=treetop+rangers,[0.08 0.09 0.1  0.1  0.11 0.13 0.14 0.14],0.11125
2025-05-01,Turnabout,Reviravolta,{2}{U}{U},Instant,['U'],USG,A Saga de Urza,https://www.ligamagic.com.br/?view=cards/card&card=turnabout,[0.95 1.99 2.   2.   2.9  2.95 3.   3.4 ],2.39875
2025-05-01,Umbilicus,Umbilicus,{4},Artifact,[],USG,A Saga de Urza,https://www.ligamagic.com.br/?view=cards/card&card=umbilicus,[2.   3.   3.   4.93 4.99 5.4  5.75 5.85],4.365
2025-05-01,Unnerve,Acovardar,{3}{B},Sorcery,['B'],USG,A Saga de Urza,https://www.ligamagic.com.br/?view=cards/card&card=unnerve,[0.17 0.18 0.2  0.2  0.25 0.25 0.25 0.25],0.21875
2025-05-01,Unworthy Dead,Mortos Infames,{1}{B},Creature — Phyrexian Skeleton,['B'],USG,A Saga de Urza,https://www.ligamagic.com.br/?view=cards/card&card=unworthy+dead,[0.04 0.08 0.08 0.09 0.09 0.09 0.09 0.09],0.0812499999999999
2025-05-01,Urza's Armor,Armadura de Urza,{6},Artifact,[],USG,A Saga de Urza,https://www.ligamagic.com.br/?view=cards/card&card=urza's+armor,[0.18 0.18 0.25 0.52 0.38 0.4  0.4  0.43],0.3425
2025-05-01,Vampiric Embrace,Abraço Vampírico,{2}{B}{B},Enchantment — Aura,['B'],USG,A Saga de Urza,https://www.ligamagic.com.br/?view=cards/card&card=vampiric+embrace,[0.45 0.57 0.68 0.69 0.7  0.74 0.75 0.75],0.66625
2025-05-01,Vebulid,Vebulide,{B},Creature — Phyrexian Horror,['B'],USG,A Saga de Urza,https://www.ligamagic.com.br/?view=cards/card&card=vebulid,[0.5  0.75 0.89 0.93 0.95 0.95 0.99 0.99],0.86875
2025-05-01,Veiled Apparition,Aparição Velada,{1}{U},Enchantment,['U'],USG,A Saga de Urza,https://www.ligamagic.com.br/?view=cards/card&card=veiled+apparition,[0.08 0.14 0.14 0.14 0.18 0.18 0.2  0.2 ],0.1575
2025-05-01,Veiled Crocodile,Crocodilo Velado,{2}{U},Enchantment,['U'],USG,A Saga de Urza,https://www.ligamagic.com.br/?view=cards/card&card=veiled+crocodile,[0.55 0.64 0.69 0.69 0.75 0.3  0.81 0.95],0.6725
2025-05-01,Veiled Sentry,Sentinela Velada,{U},Enchantment,['U'],USG,A Saga de Urza,https://www.ligamagic.com.br/?view=cards/card&card=veiled+sentry,[0.25 0.32 0.35 0.48 0.5  0.5  0.5  0.5 ],0.425
2025-05-01,Veiled Serpent,Serpente Velada,{2}{U},Enchantment,['U'],USG,A Saga de Urza,https://www.ligamagic.com.br/?view=cards/card&card=veiled+serpent,[0.07 0.09 0.09 0.09 0.11 0.11 0.11 0.14],0.1012499999999999
2025-05-01,Veil of Birds,Véu de Pássaros,{U},Enchantment,['U'],USG,A Saga de Urza,https://www.ligamagic.com.br/?view=cards/card&card=veil+of+birds,[0.09 0.09 0.09 0.1  0.11 0.11 0.11 0.11],0.10125
2025-05-01,Venomous Fangs,Presas Venenosas,{2}{G},Enchantment — Aura,['G'],USG,A Saga de Urza,https://www.ligamagic.com.br/?view=cards/card&card=venomous+fangs,[0.05 0.05 0.05 0.09 0.09 0.09 0.1  0.1 ],0.0775
2025-05-01,Vernal Bloom,Florescência Vernal,{3}{G},Enchantment,['G'],USG,A Saga de Urza,https://www.ligamagic.com.br/?view=cards/card&card=vernal+bloom,[12.   16.5  13.   13.   13.75 18.75 13.9  13.93],14.35375
2025-05-01,Viashino Outrider,Vanguardeiro Viashino,{2}{R},Creature — Lizard,['R'],USG,A Saga de Urza,https://www.ligamagic.com.br/?view=cards/card&card=viashino+outrider,[0.08 0.08 0.09 0.09 0.1  0.11 0.11 0.13],0.09875
2025-05-01,Viashino Runner,Velocista Viashino,{3}{R},Creature — Lizard,['R'],USG,A Saga de Urza,https://www.ligamagic.com.br/?view=cards/card&card=viashino+runner,[0.06 0.06 0.06 0.08 0.09 0.09 0.09 0.09],0.0775
2025-05-01,Viashino Sandswimmer,Nadador das Areias Viashino,{2}{R}{R},Creature — Lizard,['R'],USG,A Saga de Urza,https://www.ligamagic.com.br/?view=cards/card&card=viashino+sandswimmer,[0.39 0.45 0.45 0.5  0.75 0.99 1.   1.  ],0.69125
2025-05-01,Viashino Weaponsmith,Armeiro Viashino,{3}{R},Creature — Lizard,['R'],USG,A Saga de Urza,https://www.ligamagic.com.br/?view=cards/card&card=viashino+weaponsmith,[0.09 0.09 0.09 0.09 0.09 0.1  0.1  0.11],0.095
2025-05-01,Victimize,Vitimar,{2}{B},Sorcery,['B'],USG,A Saga de Urza,https://www.ligamagic.com.br/?view=cards/card&card=victimize,[3.88 4.23 4.5  4.65 4.93 4.99 6.4  6.9 ],5.06
2025-05-01,Vile Requiem,Réquiem Vil,{2}{B}{B},Enchantment,['B'],USG,A Saga de Urza,https://www.ligamagic.com.br/?view=cards/card&card=vile+requiem,[0.24 0.24 0.25 0.25 0.27 0.35 0.35 0.37],0.29
2025-05-01,Voice of Grace,Voz da Graça,{3}{W},Creature — Angel,['W'],USG,A Saga de Urza,https://www.ligamagic.com.br/?view=cards/card&card=voice+of+grace,[0.04 0.07 0.09 0.09 0.09 0.09 0.1  0.11],0.085
2025-05-01,Voice of Law,Voz da Lei,{3}{W},Creature — Angel,['W'],USG,A Saga de Urza,https://www.ligamagic.com.br/?view=cards/card&card=voice+of+law,[0.23 0.45 0.49 0.5  0.53 0.7  0.72 0.75],0.54625
2025-05-01,Voltaic Key,Chave Voltaica,{1},Artifact,[],USG,A Saga de Urza,https://www.ligamagic.com.br/?view=cards/card&card=voltaic+key,[ 8.   13.77 14.99 15.03 16.15 18.   19.8  19.95],15.71125
2025-05-01,Vug Lizard,Lagarto da Fenda,{1}{R}{R},Creature — Lizard,['R'],USG,A Saga de Urza,https://www.ligamagic.com.br/?view=cards/card&card=vug+lizard,[0.1  0.18 0.19 0.2  0.22 0.23 0.25 0.25],0.2025
2025-05-01,Wall of Junk,Barreira de Sucata,{2},Artifact Creature — Wall,[],USG,A Saga de Urza,https://www.ligamagic.com.br/?view=cards/card&card=wall+of+junk,[0.24 0.3  0.49 0.54 0.68 2.   2.25 2.25],1.09375
2025-05-01,War Dance,Dança de Guerra,{G},Enchantment,['G'],USG,A Saga de Urza,https://www.ligamagic.com.br/?view=cards/card&card=war+dance,[0.18 0.24 0.25 0.25 0.25 0.26 0.26 0.3 ],0.24875
2025-05-01,Waylay,Emboscar,{2}{W},Instant,['W'],USG,A Saga de Urza,https://www.ligamagic.com.br/?view=cards/card&card=waylay,[0.14 0.18 0.2  0.23 0.23 0.24 0.27 0.27],0.22
2025-05-01,Western Paladin,Paladino do Oeste,{2}{B}{B},Creature — Phyrexian Zombie Knight,['B'],USG,A Saga de Urza,https://www.ligamagic.com.br/?view=cards/card&card=western+paladin,[1.5  1.69 1.8  1.93 1.99 2.   2.   2.09],1.875
2025-05-01,Whetstone,Rebôlo,{3},Artifact,[],USG,A Saga de Urza,https://www.ligamagic.com.br/?view=cards/card&card=whetstone,[0.76 0.95 1.   1.   1.4  1.44 1.5  1.69],1.2174999999999998
2025-05-01,Whirlwind,Tufão,{2}{G}{G},Sorcery,['G'],USG,A Saga de Urza,https://www.ligamagic.com.br/?view=cards/card&card=whirlwind,[  0.94   0.95   0.98   0.99   1.46 149.     1.5    1.5 ],19.665000000000003
2025-05-01,Wild Dogs,Cães Selvagens,{G},Creature — Dog,['G'],USG,A Saga de Urza,https://www.ligamagic.com.br/?view=cards/card&card=wild+dogs,[0.05 0.09 0.09 0.09 0.13 0.14 0.14 0.14],0.10875
2025-05-01,Wildfire,Fogo Grego,{4}{R}{R},Sorcery,['R'],USG,A Saga de Urza,https://www.ligamagic.com.br/?view=cards/card&card=wildfire,[3.4  5.   7.75 7.9  8.49 8.57 8.72 8.96],7.348750000000001
2025-05-01,Windfall,Sorte Inesperada,{2}{U},Sorcery,['U'],USG,A Saga de Urza,https://www.ligamagic.com.br/?view=cards/card&card=windfall,[12.59 13.   13.02 14.   14.45 14.73 14.85 14.89],13.94125
2025-05-01,Winding Wurm,Vorme Serpenteante,{4}{G},Creature — Wurm,['G'],USG,A Saga de Urza,https://www.ligamagic.com.br/?view=cards/card&card=winding+wurm,[0.05 0.05 0.07 0.09 0.09 0.09 0.13 0.14],0.08875
2025-05-01,Wirecat,Gato de Arame,{4},Artifact Creature — Cat,[],USG,A Saga de Urza,https://www.ligamagic.com.br/?view=cards/card&card=wirecat,[0.21 0.23 0.23 0.24 0.25 0.27 0.28 0.3 ],0.25125
2025-05-01,Witch Engine,Bruxa Mecânica,{5}{B},Creature — Horror,['B'],USG,A Saga de Urza,https://www.ligamagic.com.br/?view=cards/card&card=witch+engine,[0.49 0.59 0.7  0.8  0.83 0.85 0.39 0.95],0.7
2025-05-01,Wizard Mentor,Mago Mentor,{2}{U},Creature — Human Wizard,['U'],USG,A Saga de Urza,https://www.ligamagic.com.br/?view=cards/card&card=wizard+mentor,[0.04 0.08 0.09 0.09 0.09 0.09 0.09 0.1 ],0.0837499999999999
2025-05-01,Worn Powerstone,Powerstone Gasta,{3},Artifact,[],USG,A Saga de Urza,https://www.ligamagic.com.br/?view=cards/card&card=worn+powerstone,[3.04 3.47 3.47 3.5  3.68 3.9  3.95 4.  ],3.62625
2025-05-01,Worship,Adoração,{3}{W},Enchantment,['W'],USG,A Saga de Urza,https://www.ligamagic.com.br/?view=cards/card&card=worship,[2.9  4.   6.   6.   7.69 8.   8.17 8.3 ],6.382499999999999
2025-05-01,Yawgmoth's Edict,édito de Yawgmoth,{1}{B},Enchantment,['B'],USG,A Saga de Urza,https://www.ligamagic.com.br/?view=cards/card&card=yawgmoth's+edict,[0.19 0.3  0.3  0.33 0.33 0.35 0.35 0.35],0.3125
2025-05-01,Yawgmoth's Will,Determinação de Yawgmoth,{2}{B},Sorcery,['B'],USG,A Saga de Urza,https://www.ligamagic.com.br/?view=cards/card&card=yawgmoth's+will,[414.99 414.99 426.8  439.95 449.99 469.9  474.99 494.1 ],448.21375
2025-05-01,Zephid,Zephid,{4}{U}{U},Creature — Illusion,['U'],USG,A Saga de Urza,https://www.ligamagic.com.br/?view=cards/card&card=zephid,[1.27 1.27 1.99 3.5  3.98 4.   4.9  4.99],3.2375000000000003
2025-05-01,Zephid's Embrace,Abraço de Zephid,{2}{U}{U},Enchantment — Aura,['U'],USG,A Saga de Urza,https://www.ligamagic.com.br/?view=cards/card&card=zephid's+embrace,[0.44 0.45 0.45 0.51 0.57 0.64 0.75 0.75],0.5700000000000001
